Name,First Nations/Band Name,Type,Nation,Population,Address,City,Province,Postal Code,Latitude,Longitude
?Akisq'nuk,Columbia Lake First Nation,First Nation or Band,Ktunaxa,271,3050 HWY 93 / 95,Windermere,BC,V0B 2L2,50.411444,-115.907307
?Aq'am,St. Mary's,First Nation or Band,Ktunaxa,378,7470 Mission RD,Cranbrook,BC,V1C 7E5,49.636944,-115.725
?Esdilagh,Alexandria Indian Band,First Nation or Band,Tsilhqot'in,196,4 - 9001 West Fraser RD,Quesnel,BC,V2J 6R4,52.574036,-122.484985
Adams Lake,Sexqeltqin,First Nation or Band,Secwepemc,762,PO BOX 588,Chase,BC,V0E 1M0,50.819031,-119.734009
Ahousaht,,First Nation or Band,Nuu-chah-nulth,2083,General Delivery,Ahousat,BC,V0R 1A0,49.280823,-126.0578
Aitchelitz,,First Nation or Band,Sto:lo,42,8161 Aitken RD,Chilliwack,BC,V2R 4H4,49.150412,-121.986882
Ashcroft,,First Nation or Band,Nlaka'pamux,271,PO BOX 440,Ashcroft,BC,V0K 1A0,50.717834,-121.311584
Beecher Bay,Scia'new First Nation,First Nation or Band,Coast Salish,250,"4901B East Sooke RD, RR 6",Sooke,BC,V9Z 1B6,48.337688,-123.606697
Blueberry River First Nations,,First Nation or Band,Cree / Dunne-zaa (Beaver),469,PO BOX 3009,Buick Creek,BC,V0C 2R0,56.701111,-121.096111
Bonaparte,St'uxwtÌÎå©ws,First Nation or Band,Secwepemc,913,PO BOX 669,Cache Creek,BC,V0K 1H0,50.836243,-121.376099
Boothroyd,,First Nation or Band,Nlaka'pamux,281,PO BOX 295,Boston Bar,BC,V0K 1C0,49.961792,-121.483398
Boston Bar First Nation,,First Nation or Band,Nlaka'pamux,262,PO BOX 369,Boston Bar,BC,V0K 1C0,49.869812,-121.451294
Bridge River,Xwisten,First Nation or Band,St'ÌÎÌt'imc,453,PO BOX 190,Lillooet,BC,V0K 1V0,50.813889,-122.083056
Campbell River,We Wai Kum,First Nation or Band,Kwakwaka'wakw,787,1400 Weiwaikum RD,Campbell River,BC,V9W 5W8,50.03268,-125.257981
Canim Lake,Tsq'escen',First Nation or Band,Secwepemc,607,PO BOX 1030,100 Mile House,BC,V0K 2E0,51.778809,-120.979614
Chawathil,Hope Indian Band,First Nation or Band,Sto:lo,589,4-60814 Lougheed HWY,Hope,BC,V0X 1L3,49.378889,-121.555
Cheam,,First Nation or Band,Sto:lo,526,52130 Old Yale RD,Rosedale,BC,V0X 1X0,49.18974,-121.784241
Cheslatta Carrier Nation,Cheslatta Carrier Nation,First Nation or Band,Dakelh (Carrier),345,PO BOX 909,Burns Lake,BC,V0J 1E0,54.005615,-125.712585
Coldwater,,First Nation or Band,Nlaka'pamux,827,PO BOX 4600,Merritt,BC,V1K 1B8,50.03302,-120.85968
Cook's Ferry,,First Nation or Band,Nlaka'pamux,342,PO BOX 130,Spences Bridge,BC,V0K 2L0,50.423035,-121.317993
Cowichan,,First Nation or Band,Coast Salish,4786,5760 Allenby RD,Duncan,BC,V9L 5J1,48.776794,-123.708313
Da'naxda'xw First Nation,,First Nation or Band,Kwakwaka'wakw,218,PO BOX 330,Alert Bay,BC,V0N 1A0,51.017212,-125.612183
Dease River,Dease River First Nation,First Nation or Band,,,PO BOX 79,GOOD HOPE LAKE,BC,V0C 2Z0,60.239811,-132.407227
Ditidaht,,First Nation or Band,Nuu-chah-nulth,768,PO BOX 340,Port Alberni,BC,V9Y 7M8,48.810425,-124.671387
Doig River First Nation,Doig River First Nation,First Nation or Band,Dunne-zaa (Beaver),302,PO BOX 56,Rose Prairie,BC,V0C 2H0,56.573056,-120.491111
Dzawada'enuxw ,,First Nation or Band,Kwakwaka'wakw,534,General Delivery,Kingcome Inlet,BC,V0N 2B0,50.972595,-126.175781
Ehattesaht,Ì_ÌÒiiåàÌ_å«atis,First Nation or Band,Nuu-chah-nulth,462,PO BOX 59,Zeballos,BC,V0P 2A0,49.87384,-126.976196
Esk'etemc,Alkali Lake,First Nation or Band,Secwepemc,950,PO BOX 4479,Williams Lake,BC,V2G 2V5,51.788635,-122.229675
Esquimalt,,First Nation or Band,Coast Salish,298,1189 Kosapsum CRES,Victoria,BC,V9A 7K7,48.445007,-123.429993
Fort Nelson First Nation,Fort Nelson First Nation,First Nation or Band,Dene / Cree,902,"MILE 295 Alaska HWY, RR 1",Fort Nelson,BC,V0C 1R0,58.792419,-122.546875
Gitanmaax,,First Nation or Band,Gitxsan,2365,PO Box 440  ,Hazelton ,BC,V0J 1Y0,55.255,-127.671111
Gitanyow,,First Nation or Band,Gitxsan,835,PO Box 340,Kitwanga,BC,V0J 2A0,55.258788,-128.058816
Gitga'at Nation,Hartley Bay,First Nation or Band,Tsimshian,736,General Delivery 445 Hayimiisaxaa Way,Hartley Bay,BC,V0V 1A0,53.424194,-129.253784
Gitsegukla Band Council,Gitsegukla Band,First Nation or Band,Gitxsan,986,"710 Raycharles AVE, RR 1",Gitsegukla,BC,V0J 2J3,55.096944,-127.828889
Gitwangak,Kitwanga,First Nation or Band,Gitxsan,1306,PO BOX 400,Kitwanga,BC,V0J 2A0,55.096178,-128.075998
Gitxaala Nation,Kitkatla First Nation,First Nation or Band,Tsimshian,1917,PO BOX 149,Kitkatla,BC,V0V 1C0,53.773987,-130.438904
Glen Vowell,Sik-e-Dakh,First Nation or Band,Gitxsan,413,RR 1 SITE J COMP 43,Hazelton,BC,V0J 1Y0,55.308056,-127.683056
Gwa'Sala-Nakwaxda'xw,Tsulquate,First Nation or Band,Kwakwaka'wakw,942,PO BOX 998,Port Hardy,BC,V0N 2P0,50.733215,-127.498596
Gwawaenuk Tribe,Gwawa'enuxw,First Nation or Band,Kwakwaka'wakw,41,PO BOX 344,Port Mcneil,BC,V0N 2R0,50.923925,-126.820882
Hagwilget Village ,Hagwilget Village Band Council,First Nation or Band,Wet'suwet'en,770,PO Box 460,New Hazelton,BC,V0J2J0,55.255,-127.603056
Haisla Nation,Haisla Nation Council,First Nation or Band,Haisla,1816,500 Gitksan Ave.  Haisla PO Box 1101,Kitimat Village,BC,V0T 2B0,53.973206,-128.648071
Halalt,,First Nation or Band,Coast Salish,210,"7973 Chemainus RD, RR 5",Chemainus,BC,V0R 1K5,48.876587,-123.692826
Halfway River First Nation,,First Nation or Band,Dunne-zaa (Beaver),271,PO BOX 59,Wonowon,BC,V0C 2N0,56.473889,-121.881111
Heiltsuk Nation,Heiltsuk Nation,First Nation or Band,Heiltsuk,2379,PO BOX 880,Bella Bella,BC,V0T 1Z0,52.166944,-128.146944
Hesquiaht,,First Nation or Band,Nuu-chah-nulth,718,PO BOX 2000,Tofino,BC,V0R 2Z0,49.367004,-126.271973
High Bar,Llenlleney'ten,First Nation or Band,Secwepemc,118,PO BOX 458,Clinton,BC,V0K 1K0,51.113037,-122.018066
Homalco,,First Nation or Band,Coast Salish,470,1218 BUTE CRESCENT,Campbell River,BC,V9H 1G5,49.951938,-125.243754
Hupacasath First Nation,,First Nation or Band,Nuu-chah-nulth,313,PO BOX 211,Port Alberni,BC,V9Y 7M7,49.265198,-124.8255
Huu-ay-aht First Nations,,First Nation or Band,Nuu-chah-nulth,709,3483 3RD AVE,Port Alberni,BC,V9Y 4E4,48.800598,-125.120667
Iskut Band Council,Iskut,First Nation or Band,Tahltan,747,PO BOX 30,Iskut,BC,V0J 1K0,57.840027,-129.985291
K'ÌÎ_moks First Nation,,First Nation or Band,Kwakwaka'wakw,330,3320 COMOX ROAD,Courtenay,BC,V9N 3P8,49.678237,-124.958389
Ka:'yu:'k't'h'/Che:k:tles7et'h',Kyuquot,First Nation or Band,Nuu-chah-nulth,552,GENERAL DELIVERY,Kyuquot,BC,V0P 1J0,50.089233,-127.305298
Kanaka Bar,,First Nation or Band,Nlaka'pamux,230,PO BOX 402,Lytton,BC,V0K 1Z0,50.111816,-121.561584
Katzie,,First Nation or Band,Sto:lo,555,10946 Katzie Road,Pitt Meadows,BC,V3Y 2G6,49.201504,-122.677245
Kispiox,Anspa yaxw,First Nation or Band,Gitxsan,1609,1336 KISPIOX VALLEY ROAD,Kispiox,BC,V0J 1Y4,55.348889,-127.696111
Kitasoo,Xai'xais Nation,First Nation or Band,Tsimshian,515,GENERAL DELIVERY,Klemtu,BC,V0T 1L0,52.583056,-128.533056
Kitselas Nation,Gitselasu,First Nation or Band,Tsimshian,624,2225 GITAUS ROAD,Terrace,BC,V8G 0A9,54.491638,-128.584106
Kitsumkalum First Nation,Kitsumkalum,First Nation or Band,Tsimshian,736,PO BOX 544,Terrace,BC,V8G 4B5,54.527039,-128.670898
Klahoose First Nation,,First Nation or Band,Coast Salish,389,"PO BOX 9, CORTES ISLAND",Squirrel Cove,BC,V0P 1T0,50.128056,-124.936111
Kwadacha,,First Nation or Band,Kaska/Sekani,538,207 - 513 AHBAU STREET,Prince George,BC,V2M 3R8,57.428889,-125.641111
Kwakiutl,,First Nation or Band,Kwakwaka'wakw,765,PO BOX 1440,Port Hardy,BC,V0N 2P0,50.693889,-127.411944
Kwaw-kwaw-Apilt,,First Nation or Band,Sto:lo,44,7654 Vancouver River RD,Vancouver,BC,V2R 4L9,49.163056,-121.983056
Kwiakah,,First Nation or Band,Kwakwaka'wakw,22,"PO BOX 437, STATION A",Campbell River,BC,V9W 5B6,50.423889,-125.158889
Kwikwasut'inuxw Haxwa'mis,Kwicksutaineuk & Ah-kwaw-ah-mish,First Nation or Band,Kwakwaka'wakw,300,"PO BOX 10, 14 Gatu ST",Alert Bay,BC,V0N 1A0,50.588662,-126.929523
Kwikwetlem First Nation,,First Nation or Band,Sto:lo,82,2 - 65 Colony Farm RD,Coquitlam,BC,V3C 5X9,49.230405,-122.8051
Lake Babine Nation,NatåäÌÝå»ootåäÌÝå»en,First Nation or Band,Dakelh (Carrier),2433,PO BOX 879,Burns Lake,BC,V0J 1E0,54.238611,-125.7625
Lake Cowichan First Nation,,First Nation or Band,Coast Salish,20,"313B Deer RD, PO BOX 159",Lake Cowichan,BC,V0R 2G0,48.825989,-124.06958
Langley,Kwantlen First Nation,First Nation or Band,Sto:lo,256,"23690 GABRIEL LANE, PO BOX 108",Fort Langley,BC,V1M 2R4,49.173889,-122.561944
Lax Kw'alaams,Lax Kw'alaams First Nation,First Nation or Band,Tsimshian,3696,206 Shashaak ST,Port Simpson,BC,V0V 1H0,54.551025,-130.416992
Leq' a: mel First Nation,Lakahahmen First Nation,First Nation or Band,Sto:lo,398,43101 Leq'a: mel Way,Deroche,BC,V0M 1G0,49.185,-122.076944
Lheidli T'enneh ,Lheidli T'enneh Nation,First Nation or Band,Dakelh (Carrier),405,1041 Whenun RD,Prince George,BC,V2K 5X8,54.016602,-122.62561
Lhoosk'uz Dene Nation,Kluskus,First Nation or Band,Dakelh (Carrier),234,PO BOX 4639,Quesnel,BC,V2J 3J8,53.09082,-124.488098
Lhtako Dene Nation,Red Bluff Indian Band,First Nation or Band,Dakelh (Carrier),175,"1515 Arbutus RD, PO BOX 4693",Quesnel,BC,V2J 3J9,52.9552,-122.4505
Liard River First Nation,Liard River First Nation,First Nation or Band,Liard,,PO BOX 328,WATSON LAKE,YT,Y0A 1C0,60.060738,-128.689482
Little Shuswap Lake,Skwlax,First Nation or Band,Secwepemc,344,PO BOX 1100,Chase,BC,V0E 1M0,50.876027,-119.615824
Lower Kootenay,Yaqan nu?kiy,First Nation or Band,Ktunaxa,236,830 Simon RD,Creston,BC,V0B 1G2,49.065319,-116.519065
Lower Nicola,,First Nation or Band,Nlaka'pamux,1216,181 Nawishaskin Lane,Merritt,BC,V1K 0A7,50.138428,-120.858765
Lower Post First Nation,Daylu Dena Council,First Nation or Band,Caska Dena,,"PO Box 10, Building 29",Lower Post,BC,V0C 1W0,60.217991,-131.945801
Lower Similkameen,Smelqmix,First Nation or Band,Syilx (Okanagan),491,"PO BOX 100, 517th Ave",Keremeos,BC,V0X 1N0,49.033889,-119.721944
Lyackson,,First Nation or Band,Coast Salish,208,9137 Chemainus RD,Chemainus,BC,V0R 1K5,49.041199,-123.63678
Lytton,,First Nation or Band,Nlaka'pamux,1976,PO BOX 20,Lytton,BC,V0K 1Z0,50.256042,-121.591064
Malahat First Nation,,First Nation or Band,Coast Salish,320,"110 Thunder RD, RR 44",Mill Bay,BC,V0R 2P4,48.614014,-123.520203
Mamalilikulla-Qwe'Qwa'Sot'Em,,First Nation or Band,Kwakwaka'wakw,413,1441A Old Island HWY4,Campbell River,BC,V9W 2E4,50.594238,-126.682312
Matsqui,,First Nation or Band,Sto:lo,257,PO BOX 10,Matsqui,BC,V4X 3R2,49.106944,-122.348056
McLeod Lake Indian Band,McLeod Lake Indian Band,First Nation or Band,Sekani,532,General Delivery,Mcleod Lake,BC,V0J 2G0,54.987681,-123.045159
Metlakatla First Nation,Metlakatla First Nation,First Nation or Band,Tsimshian,889,PO BOX 459,Prince Rupert,BC,V8J 3R2,54.33783,-130.445374
Moricetown Band,Moricetown Band,First Nation or Band,Wet'suwet'en,2001,205 Beaver RD,Smithers,BC,V0J 2N1,55.011597,-127.32251
Mount Currie,Lil'wat First Nation,First Nation or Band,St'ÌÎÌt'imc,2155,PO BOX 602,Mount Currie,BC,V0N 2K0,50.328056,-122.676111
Mowachah t/ Muchalaht,Yuquot,First Nation or Band,Nuu-chah-nulth,598,PO BOX 459,Gold River,BC,V0P 1G0,49.684204,-126.120605
Musqueam,,First Nation or Band,Coast Salish,1340,6735 Salish DR,Vancouver,BC,V6N 4C4,49.225165,-123.19828
N'Quatqua,Anderson Lake,First Nation or Band,St'ÌÎÌt'imc,344,PO BOX 88,D'Arcy,BC,V0N 1L0,50.528056,-122.483889
Nadleh Whuten,,First Nation or Band,Dakelh (Carrier),535,PO BOX 36,Fort Fraser,BC,V0J 1N0,54.076944,-124.601111
Nak'azdli Band,Nak'azdli,First Nation or Band,Dakelh (Carrier),1872,PO BOX 1329,Fort St. James,BC,V0J 1P0,54.431396,-124.247498
Namgis First Nation,,First Nation or Band,Kwakwaka'wakw,1795,PO BOX 210,Alert Bay,BC,V0N 1A0,50.596191,-126.947571
Nanoose First Nation,Snaw-naw-as First Nation,First Nation or Band,Coast Salish,253,209 Mallard Way,Lantzville,BC,V0R 2H0,49.254395,-124.129089
Nazko First Nation,,First Nation or Band,Dakelh (Carrier),374,PO BOX 4129,Quesnel,BC,V2J 3J2,52.954224,-123.583618
Nee Tahi Buhn,,First Nation or Band,Office of the Wet'suwet'en,143,RR 2 Site 7 Comp 28   ,  Burns Lake,BC,V0J 1E0,53.992867,-125.848692
Neskonlith,,First Nation or Band,Secwepemc,650,PO BOX 318,Chase,BC,V0E 1M0,50.783997,-119.753967
Nicomen,,First Nation or Band,Nlaka'pamux,133,PO BOX 670,Lytton,BC,V0K 1Z0,50.265015,-121.398987
Nisg'aa Village of Gitlaxt'aamiks,New Aiyansh,First Nation or Band,Nisga'a ,,,,BC,,55.208233,-129.083948
Nisga'a Village of Gingolx,Kincolith,First Nation or Band,Nisga'a ,1981,607 Front St.,Gingolx,BC,V0V1B0,54.996033,-129.95697
Nisga'a Village of New Aiyansh,,First Nation or Band,Nisga'a,1842,PO BOX 233,New Aiyansh,BC,V0J 1A0,55.197021,-129.070984
NisgaåäÌÝå»a Village of Gitwinksihlkw,NisgaåäÌÝå»a Village of Gitwinksihlkw,First Nation or Band,Nisga'a,397,PO BOX 1,Gitwinksihlkw,BC,V0J 3T0,55.192993,-129.221985
NisgaåäÌÝå»a Village of LaxgaltåäÌÝå»sap,NisgaåäÌÝå»a Village of LaxgaltåäÌÝå»sap,First Nation or Band,Nisga'a,1769,PO BOX 200,Greenville,BC,V0J 1X0,55.037842,-129.555786
Nooaitch,,First Nation or Band,Nlaka'pamux,218,2954 Shackelly RD,Merritt,BC,V1K 1N9,50.189392,-121.058411
Nuchatlaht,"nuåÛåa-åÌ¢Ì_ÌÒtåàÌ_å«, Oclucje",First Nation or Band,Nuu-chah-nulth,157,PO BOX 40,Zeballos,BC,V0P 2A0,49.989624,-126.941711
Nuxalk Nation,,First Nation or Band,Nuxalk,1677,PO BOX 65,Bella Coola,BC,V0T 1C0,52.376221,-126.730408
Okanagan,,First Nation or Band,Syilx / Sqilxw,1960,12420 Westside RD,Vernon,BC,V1H 2A4,50.448056,-119.353056
Old Massett Village Council,,First Nation or Band,Haida,2967,PO BOX 189,Old Masset,BC,V0T 1M0,54.038635,-132.180176
Oregon Jack Creek,,First Nation or Band,Nlaka'pamux,65,PO BOX 940,Ashcroft,BC,V0K 1A0,50.619629,-121.31958
Osoyoos Indian Band,Osoyoos ,First Nation or Band,,532,RR 3 SITE 25 COMP 1,Oliver,BC,V0H 1T0,49.185159,-119.532774
Pacheedaht First Nation,,First Nation or Band,Nuu-chah-nulth,277,General Delivery,Port Renfrew,BC,V0S 1K0,48.578796,-124.408264
Pauquachin,BOåàÌ_åÁEåÛåÊEN,First Nation or Band,Coast Salish,401,9010 West Saanich RD,Sidney,BC,V8L 5W4,48.622803,-123.457886
Penelakut Tribe,,First Nation or Band,Coast Salish,931,PO BOX 360,Chemainus,BC,V0R 1K0,48.971619,-123.655396
Penticton,,First Nation or Band,Syilx (Okanagan),1035,RR 2 SITE 80 COMP 19,Penticton,BC,V2A 6J7,49.468056,-119.673056
Peters,,First Nation or Band,Sto:lo,157,"16870 Peters RD, RR 2",Hope,BC,V0X 1L2,49.29747,-121.656732
Popkum,,First Nation or Band,Sto:lo,10,"PO BOX 2, RR 1",Rosedale,BC,V0X 1X0,49.208056,-121.718056
Prophet River First Nation,,First Nation or Band,Dunne-zaa (Beaver),269,PO BOX 3250,Fort Nelson,BC,V0C 1R0,58.089974,-122.704424
Qayqayt First Nation,New Westminster,First Nation or Band,Coast Salish,14,105 - 3680 RAE AVE,Vancouver,BC,V5R 2P5,49.212778,-122.917222
Qualicum First Nation,,First Nation or Band,Coast Salish,124,5850 River Road,Qualicum Beach,BC,V9K 1Z5,49.39679,-124.615295
Quatsino,G'usgimukw,First Nation or Band,Kwakwaka'wakw,519,305 Quattishe Road,Coal Harbour,BC,V0N 1K0,50.613403,-127.573669
Saik'uz First Nation,Stoney Creek,First Nation or Band,Dakelh (Carrier),953,135 Joseph ST,Vanderhoof,BC,V0J 3A1,53.938416,-124.125305
Samahquam,Baptiste,First Nation or Band,In-SHUCK-ch,363,PO BOX 610,Mount Currie,BC,V0N 2K0,49.991111,-122.456944
Saulteau First Nation,Saulteau First Nation,First Nation or Band,Saulteau/Dunne-zaa (Beaver)/Cree,1026,PO BOX 1020,Chetwynd,BC,V0C 1J0,55.843056,-121.641111
Scowlitz,,First Nation or Band,Sto:lo,251,PO BOX 76,Lake Errock,BC,V0M 1N0,49.245,-121.995
Seabird Island,,First Nation or Band,Sto:lo,939,PO BOX 650,Agassiz,BC,V0M 1A0,49.273056,-121.721111
Sechelt First Nation ,shÌÎ_shÌÎÌlh,First Nation or Band,Coast Salish,1356,PO BOX 740,Sechelt,BC,V0N 3A0,49.477399,-123.745055
Sekw'el'was,Cayoose Creek,First Nation or Band,St'ÌÎÌt'imc,200,PO BOX 484,Lillooet,BC,V0K 1V0,50.671944,-121.935
Semiahmoo,,First Nation or Band,Coast Salish,89,16049 Beach RD,Surrey,BC,V3S 9R6,49.014174,-122.777581
Shackan,,First Nation or Band,Nlaka'pamux,132,2160 Settler's RD,Merritt,BC,V1K 1M9,50.289429,-121.180481
Shuswap,Kenpesq't,First Nation or Band,Secwepemc,267,PO BOX 790,Invermere,BC,V0A 1K0,50.528889,-116.018889
Shxw'ow'hamel,,First Nation or Band,Sto:lo,184,58700A ST. Elmo RD,Hope,BC,V0X 1L2,49.341846,-121.607881
ShxwhÌÎÌ:y Village,Skway First Nation,First Nation or Band,Sto:lo,393,44680 Schweyey RD,Vancouver,BC,V2R 5M5,49.171111,-121.998889
Simpcw First Nation,,First Nation or Band,Secwepemc,702,PO BOX 220,Barriere,BC,V0E 1E0,51.322388,-120.147888
Siska,,First Nation or Band,Nlaka'pamux,312,PO BOX 519,Lytton,BC,V0K 1Z0,50.137024,-121.571899
Skatin,Skookumchuck,First Nation or Band,St'ÌÎÌt'imc,421,PO BOX 190,Pemberton,BC,V0N 2L0,49.941944,-122.408889
Skawahlook First Nation,,First Nation or Band,Sto:lo,85,58611A Lougheed HWY,Agassiz,BC,V0M 1A2,49.356111,-121.606944
Skeetchestn,Deadman's Creek Band,First Nation or Band,Secwepemc,530,PO BOX 178,Savona,BC,V0K 2J0,50.841187,-120.948792
Skidegate,Skidegate,First Nation or Band,Haida,1617,PO BOX 1301,Skidegate,BC,V0T 1S1,53.261414,-131.99707
Skin Tyee Nation,Skin Tyee Nation,First Nation or Band,Wet'suwet'en,176,PO BOX 131,Southbank,BC,V0J 2P0,53.998413,-125.879395
Skowkale,,First Nation or Band,Sto:lo,250,PO BOX 2159,Sardis,BC,V2R 1A7,49.136944,-121.941111
Skuppah,,First Nation or Band,Nlaka'pamux,118,PO BOX 548,Lytton,BC,V0K 1Z0,50.187988,-121.578064
Skwah,,First Nation or Band,Sto:lo,516,PO BOX 178,Vancouver,BC,V2P 6H7,49.176111,-121.978889
Sliammon,T'la'amin Nation,First Nation or Band,Coast Salish,1051,"RR 2, Sliammon RD",Powell River,BC,V8A 4Z3,49.897946,-124.607755
Snuneymuxw Nation,Nanaimo,First Nation or Band,Coast Salish,1725,668 Centre ST,Nanaimo,BC,V9R 4Z4,49.152039,-123.929565
Songhees First Nation,Lekwungen,First Nation or Band,Coast Salish,556,1500D Admirals RD,Victoria,BC,V9A 2R1,48.449829,-123.425476
Soowahlie,,First Nation or Band,Sto:lo,369,4172 Soowahlie RD,Cultus Lake,BC,V2R 4Y2,49.082515,-121.968965
Splatsin First Nation,Spallumcheen,First Nation or Band,Secwepemc,875,PO BOX 460,ENDERBY,BC,V0E 1V0,50.550668,-119.133368
Spuzzum,,First Nation or Band,Nlaka'pamux,272,"SITE 3, C-11, RR 1",Yale,BC,V0K 2S0,49.661194,-121.413879
Squamish,,First Nation or Band,Coast Salish,4117,PO BOX 86131,North Vancouver,BC,V7L 4J5,49.316611,-123.088667
Squiala First Nation,,First Nation or Band,Sto:lo,207,8528 Ashwell RD,Chilliwack,BC,V2P 7Z9,49.156111,-121.976111
StellatåäÌÝå»en First Nation,StellatåäÌÝå»en First Nation,First Nation or Band,Dakelh (Carrier),530,PO BOX 760,Fraser Lake,BC,V0J 1S0,54.061745,-124.907332
Sts'ailes,,First Nation or Band,Sto:lo,1076,4690 Salish Way,Agassiz,BC,V0M 1A1,49.297791,-121.910889
Stswecem'c Xgat'tem First Nation ,Canoe/Dog Creek,First Nation or Band,Secwepemc,721,General Delivery,DOG CREEK,BC,V0L 1J0,51.587219,-122.204407
Stz'uminus First Nation,Chemainus,First Nation or Band,Coast Salish,1235,12611-A Trans Canada HWY,Ladysmith,BC,V9G 1M5,49.013611,-123.786499
Sumas First Nation,,First Nation or Band,Sto:lo,322,2788 Sumas Mountain RD,Abbotsford,BC,V3G 2J2,49.054351,-122.195349
T'it'q'et,,First Nation or Band,St'ÌÎÌt'imc,416,PO BOX 615,Lillooet,BC,V0K 1V0,50.685381,-121.949796
T'Sou-ke First Nation,,First Nation or Band,Coast Salish,257,PO BOX 307,Sooke,BC,V9Z 1G1,48.38623,-123.695496
Tahltan Band Council,Tahltan,First Nation or Band,Tahltan,1860,PO BOX 46,Telegraph Creek,BC,V0J 2W0,57.909424,-131.163574
Takla Lake First Nation,Takla Lake First Nation,First Nation or Band,Sekani/Dakelh (Carrier),763,"Unit 11, 1839 1st Avenue",Prince George,BC,V2L 2Y8,55.483032,-125.968567
Taku River Tlingit First Nation,Taku River Tlingit First Nation,First Nation or Band,,395,PO Box 132.,Atlin,BC,V0W 1A0,59.567149,-133.703856
Tk'emlÌÎå_ps te SecwÌÎå©pemc,,First Nation or Band,Secwepemc,1262,200 - 355 Yeellowhead HWY,Kamloops,BC,V2H 1H1,50.68103,-120.297668
Tl'az't'en Nation,Tl'azt'en Nation ,First Nation or Band,Dakelh (Carrier),1731,PO BOX 670,Fort St. James,BC,V0J 1P0,54.653889,-124.758056
Tl'etinqox-t'in,Anaham,First Nation or Band,Tsilhqot'in,1560,PO BOX 168,Alexis Creek,BC,V0L 1A0,52.020813,-123.181885
Tla-o-qui-aht First Nations,,First Nation or Band,Nuu-chah-nulth,1071,PO BOX 18,Tofino,BC,V0R 2Z0,49.17804,-125.911072
Tlatlasikwala,Nuwitti,First Nation or Band,Kwakwaka'wakw,66,PO BOX 339,Port Hardy,BC,V0N 2P0,50.917603,-127.914673
Tlowitsis Tribe,,First Nation or Band,Kwakwaka'wakw,407,1345 Bute CRES,Campbell River,BC,V9H 1G6,50.531982,-125.982666
Tobacco Plains,Akan'kunik,First Nation or Band,Ktunaxa,200,PO BOX 76,Grasmere,BC,V0B 1R0,49.043889,-115.101944
Toosey,Tl'esqox,First Nation or Band,Tsilhqot'in,328,PO BOX 80,Riske Creek,BC,V0L 1T0,51.92041,-122.483765
Toquaht,,First Nation or Band,Nuu-chah-nulth,145,PO BOX 759,Ucluelet,BC,V0R 3A0,48.993591,-125.383789
Ts'il Kaz Koh First Nation,Burns Lake,First Nation or Band,Dakelh (Carrier),127,Bag 9000    ,Burns Lake ,BC,V0J 1E0,54.238156,-125.768232
Ts'kw'aylaxw,Pavilion,First Nation or Band,St'at'imc/Secwepemc,555,PO BOX 2200,Lillooet,BC,V0K 1V0,50.885,-121.838056
Tsal'alh,Seton Lake,First Nation or Band,St'ÌÎÌt'imc,675,SITE 3 BOX 76,Shalalth,BC,V0N 3C0,50.732566,-122.229248
Tsartlip,,First Nation or Band,Coast Salish,978,"PO BOX 70, 800 Stellys Cross RD",Brentwood Bay,BC,V8M 1R3,48.585022,-123.457275
Tsawout First Nation,,First Nation or Band,Coast Salish,872,PO BOX 121,Saanichton,BC,V8M 2C3,48.588989,-123.38678
Tsawwassen First Nation,,First Nation or Band,Coast Salish,352,1926 Tsawwassen DR,Delta,BC,V4M 4G2,49.041921,-123.100158
Tsay Keh Dene,Tsay Keh Dene,First Nation or Band,Sekani,472,1877 Queensway ST,Prince George,BC,V2L 1L9,56.784534,-124.782637
Tseshaht,,First Nation or Band,Nuu-chah-nulth,1132,5091 TSUMA-AS DR,Port Alberni,BC,V9Y 8X9,49.265808,-124.847778
Tseycum,,First Nation or Band,Coast Salish,183,1210 Totem LN,Sidney,BC,V8L 5S4,48.665833,-123.450867
Tsi Del Del,Alexis Creek,First Nation or Band,Tsilhqot'in,677,PO BOX 69,Chilanko Forks,BC,V0L 1H0,52.138428,-123.959595
Tsleil-Waututh Nation,Burrard Band,First Nation or Band,Coast Salish,566,3075 Takaya DR,North Vancouver,BC,V7H 3A8,49.311299,-122.989069
Tzeachten,,First Nation or Band,Sto:lo,499,45855 Promontory RD,Chilliwack,BC,V2R 0H3,49.111327,-121.956911
Uchucklesaht,,First Nation or Band,Nuu-chah-nulth,212,PO BOX 1118,Port Alberni,BC,V9Y 7L9,49.023804,-125.040405
Ucluelet First Nation,YuÌ_ÌÒåÌ¢uÌ_ÌÒiåÌ¢Ì_ÌÒatåàÌ_å«,First Nation or Band,Nuu-chah-nulth,646,PO BOX 699,Ucluelet,BC,V0R 3A0,48.939026,-125.526001
Ulkatcho,,First Nation or Band,Dakelh (Carrier),1020,PO BOX 3430,Anahim Lake,BC,V0L 1C0,52.475403,-125.300598
Union Bar,,First Nation or Band,Sto:lo,119,PO BOX 788,Hope,BC,V0X 1L0,49.443056,-121.433056
Upper Nicola,,First Nation or Band,Syilx (Okanagan),958,PO BOX 3700,Merritt,BC,V1K 1B8,50.143433,-120.282898
Upper Similkameen,,First Nation or Band,Syilx (Okanagan),88,PO BOX 220,Hedley,BC,V0X 1K0,49.355042,-120.078308
We Wai Kai Nation,Cape Mudge,First Nation or Band,Kwakwaka'wakw,1091,690 Headstart CRES,Campbell River,BC,V9H 1P9,50.018056,-125.293056
West Moberly First Nation,,First Nation or Band,Dunne-zaa (Beaver) & Cree,278,PO BOX 90,Moberly Lake,BC,V0C 1X0,55.806111,-121.886111
Westbank First Nation,,First Nation or Band,Syilx (Okanagan),825,301-515 HWY 97 SOUTH,Kelowna,BC,V1Z 3J2,49.836111,-119.608056
Wet'suwet'en First Nation,Browman Lake,First Nation or Band,Wet'suwet'en,240, P.O. Box 760 ,Burns Lake,BC,V0J 1E0,54.331421,-125.893494
Whispering Pines/Clinton,Pellt'iq't,First Nation or Band,Secwepemc,153,615 Whispering Pines DR,Kamloops,BC,V2B 8S4,50.986816,-120.247864
Williams Lake,Sugar Cane / T'exelc,First Nation or Band,Secwepemc,761,2672 Indian DR,Williams Lake,BC,V2G 5K9,52.106201,-121.993896
Wuikinuxv First Nation,Oweekeno/Wuikinuxv Nation,First Nation or Band,Oweekeno,289,PO BOX 3500 Oweekeno Village Rivers Inlet,Port Hardy,BC,V0N 2P0,51.681944,-127.213889
Xa'xtsa,Douglas,First Nation or Band,St'ÌÎÌt'imc,292,PO BOX 606,Mount Currie,BC,V0N 2K0,49.755474,-122.164833
XatåÌåÌàll First Nation,Soda Creek,First Nation or Band,Secwepemc,420,3405 Mountain House RD,Williams Lake,BC,V2G 5L5,52.262207,-122.093384
Xaxli'p,Fountain,First Nation or Band,St'ÌÎÌt'imc,1021,PO BOX 1330,Lillooet,BC,V0K 1V0,50.736111,-121.863889
Xeni Gwet'in,Nemiah,First Nation or Band,Tsilhqot'in,428,General Delivery,Nemiah Valley,BC,V0L 1X0,51.420227,-124.098694
Yakweakwioose,,First Nation or Band,Sto:lo,67,"RR 2, 7176 Vancouver River RD",Sardis,BC,V2R 1B1,49.133056,-121.938056
Yale First Nation,,First Nation or Band,Yale,163,PO BOX 1869,Hope,BC,V0X 1L0,49.562305,-121.422703
Yekooche First Nation,Yekooche Band,First Nation or Band,Dakelh (Carrier),227,1890 - 3RD AVE,Prince George,BC,V2M 1G4,54.600403,-125.066101
Yunesit'in Government,Stone Indian Band,First Nation or Band,Tsilhqot'in,446,PO BOX 158,Hanceville,BC,V0L 1K0,51.93103,-123.145081
